mouth_open_ratio,mouth_width_ratio,left_eye_open_ratio,right_eye_open_ratio,eyebrow_raise_left,eyebrow_raise_right,head_yaw,head_pitch,head_roll,face_width,face_height,label
0.0037449959199875593,0.32683393359184265,0.5949429869651794,0.6360912322998047,0.13594821095466614,0.14146623015403748,-0.010765993036329746,0.2406592071056366,-2.723689079284668,0.21947047114372253,0.4501277506351471,0
0.00246441550552845,0.321696937084198,0.5739578604698181,0.6091600060462952,0.13369110226631165,0.1409280151128769,-0.011010657995939255,0.24322183430194855,-2.850766181945801,0.2207486629486084,0.45180919766426086,0
0.0026842902880162,0.32280614972114563,0.5742723941802979,0.580786943435669,0.13339486718177795,0.13951615989208221,-0.014069548808038235,0.24241596460342407,-3.3082287311553955,0.22104626893997192,0.4505334794521332,0
0.0008665682980790734,0.32705438137054443,0.5739700198173523,0.5787090063095093,0.13327735662460327,0.13789650797843933,-0.014069805853068829,0.2407037615776062,-4.245115756988525,0.22090879082679749,0.45348483324050903,0
0.0036094984970986843,0.32826197147369385,0.5886114835739136,0.5935907363891602,0.13322418928146362,0.13492333889007568,-0.011882939375936985,0.24671976268291473,-3.725736379623413,0.22081619501113892,0.45125812292099,0
0.0021571905817836523,0.3281046748161316,0.5708355903625488,0.6038389205932617,0.13215120136737823,0.1399710327386856,-0.015721408650279045,0.2449624389410019,-3.4086802005767822,0.22022929787635803,0.45195314288139343,0
0.0026449980214238167,0.3230152428150177,0.5830953121185303,0.6003568172454834,0.13107842206954956,0.14062584936618805,-0.021371634677052498,0.24874678254127502,-3.6605310440063477,0.2207392454147339,0.45264267921447754,0
0.002879028907045722,0.32958757877349854,0.5747315883636475,0.5972661972045898,0.12635011970996857,0.13832248747348785,-0.01871347427368164,0.25359946489334106,-3.5702128410339355,0.21931137144565582,0.45153647661209106,0
0.005269152112305164,0.32557106018066406,0.5632194876670837,0.5884596705436707,0.1263432502746582,0.13888172805309296,-0.010702879168093204,0.25190064311027527,-4.226914405822754,0.2199515849351883,0.45352357625961304,0
0.002136146416887641,0.323759526014328,0.5339711308479309,0.6093147993087769,0.12696407735347748,0.14019633829593658,-0.0004173862107563764,0.25186237692832947,-4.245772838592529,0.21991898119449615,0.45124000310897827,0
0.0016758613055571914,0.3283776044845581,0.5335622429847717,0.6520015597343445,0.12491118907928467,0.14145326614379883,-0.0005861488170921803,0.2499816119670868,-3.3557775020599365,0.2202574759721756,0.45294398069381714,0
0.0030821289401501417,0.32640522718429565,0.5690903067588806,0.6333779692649841,0.1256656050682068,0.14043571054935455,-0.0041335043497383595,0.2502715587615967,-3.0657248497009277,0.2192542999982834,0.45207199454307556,0
0.0034880631137639284,0.31894057989120483,0.5523284077644348,0.6050931215286255,0.12699903547763824,0.13998253643512726,-0.007006432395428419,0.25233668088912964,-3.3824079036712646,0.22037725150585175,0.4525655508041382,0
0.005534137599170208,0.33143579959869385,0.5222415328025818,0.590000569820404,0.12412416934967041,0.13470739126205444,-0.014612074010074139,0.25653302669525146,-3.7965900897979736,0.21843571960926056,0.4518967568874359,0
0.002297892700880766,0.3313976228237152,0.5794830322265625,0.578346312046051,0.12426909804344177,0.13518020510673523,-0.015407430939376354,0.2577574551105499,-3.157111644744873,0.21916192770004272,0.45096611976623535,0
0.0027645134832710028,0.32614666223526,0.5654565691947937,0.5775263905525208,0.125595360994339,0.13779973983764648,-0.013084888458251953,0.25373438000679016,-3.8149518966674805,0.21915200352668762,0.4506325125694275,0
0.005202287808060646,0.3286490738391876,0.5889594554901123,0.5958842039108276,0.1271640807390213,0.14314202964305878,-0.01550760492682457,0.2499227672815323,-4.141822814941406,0.21969683468341827,0.4504792094230652,0
0.003473678370937705,0.32599520683288574,0.5976051688194275,0.6247625350952148,0.13095985352993011,0.1425779014825821,-0.010797006078064442,0.2510225176811218,-4.062944412231445,0.21991655230522156,0.450670063495636,0
0.0023861604277044535,0.32421112060546875,0.574629545211792,0.5918963551521301,0.1285051554441452,0.14228014647960663,0.000355454976670444,0.2498137354850769,-3.1360561847686768,0.21933263540267944,0.45156338810920715,0
0.0028870203532278538,0.32133856415748596,0.5482909083366394,0.5947033762931824,0.13177847862243652,0.1418582797050476,0.0018771275645121932,0.24929478764533997,-4.008664131164551,0.2207794040441513,0.4513961672782898,0
0.004143503028899431,0.31655368208885193,0.5610809922218323,0.586000919342041,0.12896040081977844,0.14041166007518768,0.005288103129714727,0.24755994975566864,-4.863238334655762,0.22098824381828308,0.4520946741104126,0
0.0020205182954669,0.3205266296863556,0.5562772750854492,0.5924119353294373,0.1298590749502182,0.13889408111572266,0.0006288604927249253,0.2514601945877075,-3.8939783573150635,0.22084201872348785,0.45033591985702515,0
0.0043014902621507645,0.32162341475486755,0.54506915807724,0.6466243863105774,0.12732408940792084,0.14419083297252655,0.004398529417812824,0.24579979479312897,-2.851928949356079,0.22116652131080627,0.4513263702392578,0
0.002258819993585348,0.3231060206890106,0.5663388967514038,0.6492600440979004,0.12839224934577942,0.1420181840658188,0.0005511328345164657,0.24878184497356415,-3.388441801071167,0.22051648795604706,0.4529906213283539,0
0.0006287197466008365,0.3234627842903137,0.5588807463645935,0.6096343398094177,0.12599560618400574,0.14067235589027405,-0.005324625410139561,0.25075167417526245,-3.7830588817596436,0.2204463630914688,0.45049649477005005,0
0.0029442484956234694,0.3272762596607208,0.554328441619873,0.6310950517654419,0.12595976889133453,0.1399391144514084,-0.004032360855489969,0.24972018599510193,-3.888545274734497,0.22024546563625336,0.4518268406391144,0
0.005200538784265518,0.32616519927978516,0.5514227151870728,0.6319493651390076,0.1238907128572464,0.13742543756961823,-0.0010496482718735933,0.24781252443790436,-4.11696720123291,0.22021357715129852,0.4524913728237152,0
0.003371411468833685,0.32234761118888855,0.5585901737213135,0.593997597694397,0.1275578886270523,0.14085753262043,0.00022164499387145042,0.24873323738574982,-4.5331878662109375,0.22078284621238708,0.45304977893829346,0
0.0009831845527514815,0.3179248571395874,0.5503841042518616,0.6026707887649536,0.1290447860956192,0.14272308349609375,0.008635865524411201,0.2516983449459076,-3.700299024581909,0.22015272080898285,0.4518967568874359,0
0.0021998565644025803,0.32334116101264954,0.5437579154968262,0.6060598492622375,0.13164417445659637,0.14364711940288544,0.021465666592121124,0.24787652492523193,-2.534024477005005,0.21908503770828247,0.45189109444618225,0
0.0005173569661565125,0.32496654987335205,0.5712971687316895,0.6238576769828796,0.13544341921806335,0.1423409879207611,0.027705486863851547,0.24430236220359802,-2.706028461456299,0.21937264502048492,0.450679212808609,0
0.005556533578783274,0.3249429762363434,0.5832802653312683,0.6303569078445435,0.13489724695682526,0.14035947620868683,0.039576876908540726,0.2452569305896759,-3.2142233848571777,0.21839642524719238,0.4490725100040436,0
0.003851060988381505,0.32180893421173096,0.5878086090087891,0.6231962442398071,0.1367761641740799,0.1416091024875641,0.04605394974350929,0.24386973679065704,-2.8706862926483154,0.218571737408638,0.4493962228298187,0
0.006124678533524275,0.32100415229797363,0.5642701387405396,0.6103788614273071,0.1387256532907486,0.1403205692768097,0.05790156126022339,0.2396475076675415,-3.4732325077056885,0.21947917342185974,0.44817885756492615,0
0.0006931269890628755,0.3247188329696655,0.5521815419197083,0.69333815574646,0.139724463224411,0.14712348580360413,0.07862269878387451,0.2425089180469513,-2.8247721195220947,0.21650631725788116,0.44719377160072327,0
0.001801458653062582,0.3281719982624054,0.5974788069725037,0.6655317544937134,0.1400631070137024,0.14647361636161804,0.11770059913396835,0.23486848175525665,-3.208716869354248,0.21400034427642822,0.44687873125076294,0
0.004048244562000036,0.3273404538631439,0.5376600623130798,0.6690735220909119,0.13432589173316956,0.1395161747932434,0.1398187130689621,0.23005346953868866,-2.529700517654419,0.21132048964500427,0.44841164350509644,0
0.00513252941891551,0.3351958394050598,0.5724454522132874,0.6863093376159668,0.13655470311641693,0.1422985941171646,0.1526494324207306,0.23072418570518494,-3.127532720565796,0.2106369137763977,0.44682562351226807,0
0.0015832643257454038,0.3418777585029602,0.5919084548950195,0.6328699588775635,0.13666781783103943,0.1407804936170578,0.16576574742794037,0.22541946172714233,-2.3722152709960938,0.20931199193000793,0.449961394071579,0
0.0014538157265633345,0.3337538242340088,0.585526168346405,0.6682321429252625,0.13699759542942047,0.13950569927692413,0.19002105295658112,0.22446037828922272,-2.674194097518921,0.20873399078845978,0.44989416003227234,0
0.004831927828490734,0.3326547145843506,0.538594663143158,0.7084317207336426,0.13763049244880676,0.14057520031929016,0.21838484704494476,0.22333179414272308,-2.4036600589752197,0.20681080222129822,0.44693729281425476,0
0.0018614117288962007,0.33178237080574036,0.5871463418006897,0.6715095639228821,0.1366448700428009,0.1354089379310608,0.2274066060781479,0.22778457403182983,-3.369459867477417,0.20586253702640533,0.44753992557525635,0
0.0014185348991304636,0.3325762450695038,0.5552683472633362,0.703359067440033,0.13345520198345184,0.1345234215259552,0.22610102593898773,0.22591307759284973,-2.5952281951904297,0.2054993212223053,0.4479176104068756,0
0.0030555210541933775,0.3279024064540863,0.5829126238822937,0.6971402764320374,0.1392660290002823,0.13373367488384247,0.2402227520942688,0.22763539850711823,-3.1395223140716553,0.20704275369644165,0.44761979579925537,0
0.0058389948680996895,0.32523491978645325,0.573322057723999,0.6505898833274841,0.13850335776805878,0.1356464922428131,0.26500868797302246,0.23108001053333282,-1.1886881589889526,0.2051580846309662,0.44241368770599365,0
0.009784958325326443,0.3297519087791443,0.5669276714324951,0.6551141142845154,0.144118994474411,0.13393378257751465,0.27116262912750244,0.23121623694896698,-1.5796732902526855,0.20372694730758667,0.44206011295318604,0
0.008810710161924362,0.3285755515098572,0.5604658126831055,0.6547015309333801,0.1363155096769333,0.13620254397392273,0.28754979372024536,0.2309824526309967,-0.24003052711486816,0.20267251133918762,0.443770170211792,0
0.006213973741978407,0.3179430663585663,0.5458344221115112,0.6926859021186829,0.14035190641880035,0.13355034589767456,0.2783525288105011,0.22983744740486145,-1.0194886922836304,0.20446594059467316,0.4433480501174927,0
0.004753343760967255,0.3268689215183258,0.5462168455123901,0.689708948135376,0.13615110516548157,0.1354871541261673,0.2579589784145355,0.2249273806810379,-2.7269697189331055,0.20692917704582214,0.4449961483478546,0
0.0032876008190214634,0.3301280438899994,0.5349565148353577,0.6776273846626282,0.13386687636375427,0.13704471290111542,0.23791974782943726,0.22966310381889343,-2.149789571762085,0.20629361271858215,0.44390755891799927,0
0.0012062682071700692,0.32061517238616943,0.595525860786438,0.5586915612220764,0.13037173449993134,0.13453936576843262,-0.0360887348651886,0.24093158543109894,-4.130655288696289,0.22261521220207214,0.4552914500236511,0
0.0019877098966389894,0.32620498538017273,0.5999373197555542,0.5395115613937378,0.13511911034584045,0.13429968059062958,-0.03741338476538658,0.24132107198238373,-4.4346771240234375,0.22147151827812195,0.4559999406337738,0
0.0048103719018399715,0.32986533641815186,0.5880846381187439,0.5633894205093384,0.13267114758491516,0.13574101030826569,-0.03695292770862579,0.24156062304973602,-3.915936231613159,0.22284160554409027,0.45447981357574463,0
0.007486157584935427,0.32946112751960754,0.5833933353424072,0.5590245723724365,0.13299156725406647,0.13358952105045319,-0.040375418961048126,0.24137410521507263,-4.016210556030273,0.2220510095357895,0.45290523767471313,0
0.0031407971400767565,0.3202950358390808,0.5877951383590698,0.5785271525382996,0.13481593132019043,0.13740107417106628,-0.017537834122776985,0.24240544438362122,-4.117429256439209,0.22249484062194824,0.45309674739837646,0
0.002091066213324666,0.3276048004627228,0.5936118960380554,0.5956088304519653,0.13308963179588318,0.13928310573101044,-0.00979161448776722,0.2377432882785797,-4.312980651855469,0.22244267165660858,0.45589324831962585,0
0.0050529311411082745,0.32721683382987976,0.6127616167068481,0.5609616637229919,0.13406775891780853,0.13499216735363007,-0.03507494926452637,0.24372941255569458,-4.593344688415527,0.22150613367557526,0.4571532905101776,0
0.0026580484118312597,0.3280475437641144,0.5903864502906799,0.5614885091781616,0.1318160444498062,0.1346607804298401,-0.032224491238594055,0.24864329397678375,-3.8095831871032715,0.2206645905971527,0.46029847860336304,0
0.0021041843574494123,0.3290015757083893,0.5930724740028381,0.5537436604499817,0.1313832402229309,0.13238608837127686,-0.03381101042032242,0.24817602336406708,-4.239396572113037,0.21993209421634674,0.4580693244934082,0
0.003977777902036905,0.3314773738384247,0.6014560461044312,0.5503556728363037,0.12661869823932648,0.13402310013771057,-0.041598327457904816,0.2558593451976776,-3.5294578075408936,0.22152327001094818,0.45558008551597595,0
0.0042627062648534775,0.32357874512672424,0.5455814599990845,0.5531176924705505,0.12370197474956512,0.1295899599790573,-0.0430758036673069,0.2589811384677887,-3.8740549087524414,0.22191748023033142,0.45441576838493347,0
0.004089775495231152,0.32559576630592346,0.5578662753105164,0.5405720472335815,0.12691551446914673,0.13180682063102722,-0.04985062777996063,0.25799626111984253,-4.457346439361572,0.22154533863067627,0.45433005690574646,0
0.003753634402528405,0.3302643299102783,0.5720532536506653,0.5206770896911621,0.13081857562065125,0.13404878973960876,-0.036090873181819916,0.2553993761539459,-4.406533718109131,0.22174324095249176,0.45406433939933777,0
0.0029333303682506084,0.32284682989120483,0.5415090322494507,0.5298213362693787,0.1271255612373352,0.13219113647937775,-0.041704051196575165,0.2587360441684723,-4.544302463531494,0.22230802476406097,0.454550176858902,0
0.0035022529773414135,0.3239305317401886,0.5866200923919678,0.5381431579589844,0.12719440460205078,0.13490134477615356,-0.044410545378923416,0.2587398588657379,-4.850427627563477,0.22109951078891754,0.4515625536441803,0
0.004349203314632177,0.32379722595214844,0.5639984607696533,0.5639773607254028,0.12862524390220642,0.13549326360225677,-0.034111976623535156,0.25883394479751587,-4.766045570373535,0.2227042019367218,0.4550521671772003,0
0.004299314692616463,0.32587045431137085,0.5767890810966492,0.531117856502533,0.12921293079853058,0.13196977972984314,-0.03873317688703537,0.25554344058036804,-5.888756275177002,0.22185173630714417,0.45501425862312317,0
0.0030429360922425985,0.3267344832420349,0.6055086851119995,0.544666051864624,0.13095690310001373,0.13171854615211487,-0.04147831350564957,0.26040545105934143,-5.921344757080078,0.2207595407962799,0.45562446117401123,0
0.004767252132296562,0.3292675018310547,0.6103663444519043,0.5567317605018616,0.1297643482685089,0.13382142782211304,-0.04077332466840744,0.2571764886379242,-5.083933353424072,0.21953536570072174,0.4551945626735687,0
0.004358893260359764,0.32714542746543884,0.5690875053405762,0.5547100305557251,0.12570658326148987,0.12853886187076569,-0.04744255542755127,0.25765472650527954,-5.319963455200195,0.21979662775993347,0.45318663120269775,0
0.0037960433401167393,0.3239761292934418,0.6366320848464966,0.5453018546104431,0.13021767139434814,0.13258270919322968,-0.0466369092464447,0.2579247057437897,-5.888405799865723,0.22048981487751007,0.45295166969299316,0
0.0061043379828333855,0.3267884850502014,0.5931525230407715,0.5553929209709167,0.1284957230091095,0.1323608160018921,-0.04977015405893326,0.2582424283027649,-5.311012268066406,0.22132211923599243,0.45211347937583923,0
0.0056134737096726894,0.3202427327632904,0.5560688376426697,0.5223774909973145,0.12761038541793823,0.12948763370513916,-0.0489497035741806,0.2566656172275543,-5.569714069366455,0.221360445022583,0.4541999399662018,0
0.008583825081586838,0.3335913121700287,0.5828990340232849,0.551520586013794,0.12398342043161392,0.13213679194450378,-0.06616110354661942,0.2557013928890228,-4.63021993637085,0.2191060334444046,0.45554542541503906,0
0.002009883290156722,0.3367844223976135,0.6212133765220642,0.5411215424537659,0.12668046355247498,0.1369885504245758,-0.0846450924873352,0.25045111775398254,-5.477019786834717,0.2185068130493164,0.4563117027282715,0
0.0038783641066402197,0.3334963917732239,0.6461730003356934,0.6059846878051758,0.12650121748447418,0.13880589604377747,-0.0873902291059494,0.2524455487728119,-6.126749038696289,0.21800994873046875,0.45612192153930664,0
0.0035570673644542694,0.3313235938549042,0.6278193593025208,0.5928559899330139,0.12364695966243744,0.13759851455688477,-0.09645480662584305,0.25457116961479187,-6.09595251083374,0.21801607310771942,0.45921868085861206,0
0.0017595937242731452,0.3314679265022278,0.6432821750640869,0.5485718250274658,0.12851223349571228,0.13615120947360992,-0.09940999746322632,0.25436580181121826,-6.993828773498535,0.21768976747989655,0.4575306475162506,0
0.002800090005621314,0.33633723855018616,0.5953502058982849,0.5593518614768982,0.12129026651382446,0.13379506766796112,-0.11326039582490921,0.25974777340888977,-5.0091872215271,0.2177719622850418,0.46065065264701843,0
0.0047549656592309475,0.3309780955314636,0.5825433731079102,0.5920938849449158,0.12198979407548904,0.1369340717792511,-0.1311369389295578,0.2542540431022644,-4.585705280303955,0.2145415097475052,0.45827004313468933,0
0.0029146363958716393,0.33439427614212036,0.6193615794181824,0.6057741641998291,0.12317968159914017,0.13533324003219604,-0.13628992438316345,0.2562815845012665,-4.463719367980957,0.213489830493927,0.46077829599380493,0
0.00375377363525331,0.33118489384651184,0.6113762855529785,0.5808780193328857,0.12390492856502533,0.13667358458042145,-0.15301135182380676,0.2585867643356323,-5.005422115325928,0.21407386660575867,0.46108394861221313,0
0.002956296782940626,0.33633285760879517,0.647079348564148,0.5599399209022522,0.12140148133039474,0.13545849919319153,-0.15962709486484528,0.260636568069458,-4.2409234046936035,0.21346640586853027,0.46080872416496277,0
0.0025249412283301353,0.3348113000392914,0.6749483346939087,0.5876353979110718,0.12223006784915924,0.1337401568889618,-0.1627255529165268,0.26315736770629883,-5.297179698944092,0.21395201981067657,0.4605288803577423,0
0.0035594224464148283,0.32904770970344543,0.6187565922737122,0.5872058272361755,0.1217951774597168,0.13508416712284088,-0.15609249472618103,0.2557923197746277,-4.046844959259033,0.21478693187236786,0.46306324005126953,0
0.00432737497612834,0.34029698371887207,0.6250364780426025,0.5979443192481995,0.12269937247037888,0.1365010142326355,-0.14142094552516937,0.25819653272628784,-4.0182108879089355,0.21479971706867218,0.4635176360607147,0
0.006794704124331474,0.33216944336891174,0.6240693926811218,0.5426563024520874,0.1234700158238411,0.13768425583839417,-0.13692501187324524,0.25964272022247314,-4.464785575866699,0.21612857282161713,0.45868465304374695,0
0.004484089091420174,0.334178626537323,0.5778265595436096,0.5492127537727356,0.1263190060853958,0.1419837921857834,-0.11257883161306381,0.2557150721549988,-4.292210578918457,0.21705836057662964,0.4565439522266388,0
0.0034951025154441595,0.32759952545166016,0.5762608051300049,0.5589846968650818,0.12388380616903305,0.13425160944461823,-0.07756803929805756,0.2557096481323242,-4.463189125061035,0.2203410565853119,0.4554799199104309,0
0.004148001782596111,0.3323467969894409,0.6129119396209717,0.5239352583885193,0.12568239867687225,0.13771672546863556,-0.06195124238729477,0.25500965118408203,-4.365962505340576,0.22073817253112793,0.45317918062210083,0
0.0006057716091163456,0.3277433216571808,0.5950486660003662,0.5456133484840393,0.12842990458011627,0.13243573904037476,-0.043555546551942825,0.25699469447135925,-4.75703763961792,0.22088611125946045,0.4535256624221802,0
0.004417138174176216,0.3294306993484497,0.6231027841567993,0.5626082420349121,0.12859463691711426,0.1341734528541565,-0.026025285944342613,0.25860750675201416,-2.9212698936462402,0.22049583494663239,0.4536837339401245,0
0.00352573674172163,0.3260623812675476,0.5606575012207031,0.5655580163002014,0.12696188688278198,0.13972590863704681,-0.012448571622371674,0.25830912590026855,-2.376026153564453,0.22179780900478363,0.45628684759140015,0
0.004154375288635492,0.3278875946998596,0.5400382280349731,0.557194173336029,0.127414271235466,0.14131781458854675,0.0011404013494029641,0.2540762722492218,-1.6796271800994873,0.2205640971660614,0.4575722813606262,0
0.005220967810600996,0.3282768428325653,0.5589779615402222,0.5513437986373901,0.12391367554664612,0.1380053609609604,0.00926603190600872,0.2569904327392578,-0.6277424693107605,0.21897202730178833,0.45478737354278564,0
0.0032440475188195705,0.3287784159183502,0.558641791343689,0.5390704274177551,0.12805818021297455,0.13875293731689453,0.014506503008306026,0.25365015864372253,-0.5914331078529358,0.21907418966293335,0.4541788697242737,0
0.0013901639031246305,0.32347971200942993,0.5825912952423096,0.5734764933586121,0.1289919912815094,0.1363554149866104,0.021503333002328873,0.2519148886203766,-0.606881856918335,0.22041429579257965,0.4552735388278961,0
0.004566374700516462,0.3263261318206787,0.5768275260925293,0.5808749198913574,0.12862981855869293,0.13847705721855164,0.044960781931877136,0.24991708993911743,-0.18883484601974487,0.22107689082622528,0.4539305865764618,0
0.0011097319656983018,0.3274161219596863,0.5616147518157959,0.650437593460083,0.13084572553634644,0.13970686495304108,0.0678490549325943,0.24977277219295502,-0.06715983152389526,0.2179574966430664,0.45249009132385254,0
0.0017602227162569761,0.3347261846065521,0.5540578961372375,0.57892245054245,0.1328323930501938,0.14119961857795715,0.09483007341623306,0.24930866062641144,-0.1919156163930893,0.21671108901500702,0.4518420100212097,0
0.006317105609923601,0.33997130393981934,0.626200258731842,0.6014956831932068,0.12150941044092178,0.13723918795585632,-0.17520038783550262,0.2548513412475586,-7.436330795288086,0.2110038846731186,0.4540551006793976,0
0.005949473008513451,0.3470152020454407,0.6047361493110657,0.588339626789093,0.12229049950838089,0.13830450177192688,-0.17356926202774048,0.25292983651161194,-7.333254337310791,0.2111889123916626,0.4532264173030853,0
0.006260753143578768,0.34044787287712097,0.6078685522079468,0.5726152658462524,0.12085694074630737,0.1421201229095459,-0.17321670055389404,0.2566104531288147,-6.873632431030273,0.2113013118505478,0.45163965225219727,0
0.007497206795960665,0.33578813076019287,0.6104338765144348,0.5789520144462585,0.11965122818946838,0.13774004578590393,-0.1828315705060959,0.25575101375579834,-7.844184875488281,0.2116103172302246,0.45286834239959717,0
0.007145815063267946,0.34035271406173706,0.5731065273284912,0.5974135994911194,0.11873496323823929,0.13675455749034882,-0.1787056028842926,0.25738975405693054,-7.253238201141357,0.2121015042066574,0.4536457657814026,0
0.004548576194792986,0.3403347134590149,0.6488680839538574,0.5807358622550964,0.12272482365369797,0.13986177742481232,-0.1831996589899063,0.25212571024894714,-7.948518753051758,0.2114965170621872,0.45432960987091064,0
0.007216382306069136,0.33351314067840576,0.6138935685157776,0.5926572680473328,0.12175050377845764,0.13830626010894775,-0.17948225140571594,0.25413578748703003,-7.723156929016113,0.2122998684644699,0.45415908098220825,0
0.008319462649524212,0.33630192279815674,0.6370533108711243,0.64365553855896,0.12008816003799438,0.13486942648887634,-0.16924475133419037,0.2557846009731293,-7.785338878631592,0.21262983977794647,0.45564401149749756,0
0.004489875864237547,0.3365630805492401,0.6174420714378357,0.6062229871749878,0.120775505900383,0.1380346566438675,-0.1814335435628891,0.2526923418045044,-8.15095329284668,0.21168221533298492,0.4555177390575409,0
0.0018188690301030874,0.3276270627975464,0.5974041223526001,0.6121206879615784,0.11826754361391068,0.13721232116222382,-0.20426617562770844,0.24989081919193268,-8.590156555175781,0.21131828427314758,0.45299285650253296,0
0.004821677226573229,0.3298948109149933,0.6415791511535645,0.6165562868118286,0.11704295873641968,0.14014048874378204,-0.21197627484798431,0.25340309739112854,-7.9542317390441895,0.20995260775089264,0.4558876156806946,0
0.004379455465823412,0.3267051577568054,0.643902599811554,0.6271716952323914,0.11925124377012253,0.13785326480865479,-0.21409890055656433,0.25008198618888855,-8.836809158325195,0.21139615774154663,0.4556038975715637,0
0.004793854895979166,0.330340176820755,0.6208750009536743,0.580345869064331,0.11810243874788284,0.1384085863828659,-0.21019281446933746,0.25476041436195374,-8.838604927062988,0.21067418158054352,0.4532587230205536,0
0.005042580422013998,0.32770320773124695,0.6567666530609131,0.5887598395347595,0.11955436319112778,0.13785912096500397,-0.21625594794750214,0.25164175033569336,-9.101256370544434,0.2100418210029602,0.4549550414085388,0
0.007991909049451351,0.3310391306877136,0.6289889812469482,0.6070515513420105,0.11593703180551529,0.1371137648820877,-0.24371887743473053,0.25124138593673706,-8.577407836914062,0.20915403962135315,0.4522334039211273,0
0.005793404299765825,0.3358662724494934,0.6650527715682983,0.5794827342033386,0.11928859353065491,0.13998666405677795,-0.2597179412841797,0.2525060772895813,-8.97981071472168,0.2071608304977417,0.4501795172691345,0
0.004733122419565916,0.3302231431007385,0.654265820980072,0.5841519832611084,0.1210797131061554,0.13757382333278656,-0.24134571850299835,0.2524375319480896,-8.699501037597656,0.20899102091789246,0.4525860548019409,0
0.004827534314244986,0.3307816684246063,0.6276032328605652,0.5607345104217529,0.11828722059726715,0.1420549899339676,-0.22800394892692566,0.24946101009845734,-8.057690620422363,0.2102629840373993,0.45408228039741516,0
0.005148005206137896,0.3305920958518982,0.6212125420570374,0.5695620775222778,0.11608031392097473,0.13997839391231537,-0.20814810693264008,0.25336411595344543,-7.664616107940674,0.21210168302059174,0.4534757137298584,0
0.0037840839941054583,0.33064329624176025,0.6355918645858765,0.5913086533546448,0.1189330667257309,0.13801130652427673,-0.18790267407894135,0.25805315375328064,-7.365911960601807,0.2123812735080719,0.4527119994163513,0
0.004468701779842377,0.33280298113822937,0.633782684803009,0.5772022604942322,0.12167125195264816,0.1397232860326767,-0.17072062194347382,0.25824499130249023,-6.467146873474121,0.2128656953573227,0.4562990665435791,0
0.0031234680209308863,0.3339637219905853,0.6148385405540466,0.5664177536964417,0.11938311904668808,0.137571781873703,-0.15463274717330933,0.2602600157260895,-6.414615154266357,0.21424546837806702,0.4564334452152252,0
0.003930365201085806,0.3329004645347595,0.6342266798019409,0.5798348188400269,0.12040669471025467,0.13385100662708282,-0.13978344202041626,0.2607104182243347,-7.070242881774902,0.21720513701438904,0.4551420509815216,0
0.001933426596224308,0.3239870071411133,0.5691737532615662,0.5474711060523987,0.12015539407730103,0.13386967778205872,-0.11082646995782852,0.2573372721672058,-5.483587741851807,0.21944329142570496,0.4549510180950165,0
0.0033674801234155893,0.32939720153808594,0.5768687725067139,0.5664216876029968,0.12591366469860077,0.1326199620962143,-0.0675143301486969,0.2607419490814209,-6.711199760437012,0.2188500612974167,0.45145025849342346,0
0.0031972576398402452,0.3346130847930908,0.6098760366439819,0.5681579113006592,0.12950271368026733,0.13152113556861877,-0.04081125929951668,0.25863590836524963,-6.4266204833984375,0.22007396817207336,0.45280149579048157,0
0.0010829182574525476,0.32730814814567566,0.5708314776420593,0.6134741902351379,0.1262572556734085,0.1379031538963318,-0.0010545989498496056,0.2579902708530426,-4.826391696929932,0.2217796891927719,0.45209261775016785,0
0.002241669688373804,0.32617104053497314,0.587509274482727,0.5971143841743469,0.1285892277956009,0.13423725962638855,0.03475397452712059,0.2642923593521118,-5.246836185455322,0.2220717966556549,0.4489852488040924,0
0.0007699690177105367,0.3249387741088867,0.5795705318450928,0.5590576529502869,0.12401226907968521,0.13584385812282562,0.08038704097270966,0.26606887578964233,-5.262781620025635,0.21934820711612701,0.4486348628997803,0
0.001736400998197496,0.33358410000801086,0.5468485951423645,0.6349473595619202,0.12486042827367783,0.1367395669221878,0.11706110835075378,0.25308606028556824,-5.987232208251953,0.2156052589416504,0.4525063633918762,0
0.0016469929832965136,0.3354091942310333,0.547500729560852,0.6258111596107483,0.1242271438241005,0.14046525955200195,0.14120297133922577,0.25182536244392395,-5.8987321853637695,0.21395844221115112,0.4548923075199127,0
0.0011103800497949123,0.3378693759441376,0.6084318161010742,0.6532429456710815,0.12711453437805176,0.1364908665418625,0.1659485250711441,0.2640730142593384,-6.031006813049316,0.2137988656759262,0.4530740976333618,0
0.006075272336602211,0.33411529660224915,0.5987933874130249,0.662440836429596,0.1247292309999466,0.13676144182682037,0.17429392039775848,0.2656615972518921,-5.514420986175537,0.2116028368473053,0.4515995979309082,0
0.005000254604965448,0.3310549259185791,0.5905289649963379,0.6948647499084473,0.12427210807800293,0.1350221335887909,0.195290207862854,0.2629842758178711,-4.953463554382324,0.21011705696582794,0.45355430245399475,0
0.0028176771011203527,0.33080002665519714,0.5942639112472534,0.7246460914611816,0.12639352679252625,0.1351139396429062,0.20281487703323364,0.26467010378837585,-5.06245756149292,0.20926131308078766,0.45353132486343384,0
0.007789481431245804,0.3251701295375824,0.5783926844596863,0.678962230682373,0.12092069536447525,0.1349310725927353,0.20927345752716064,0.2622750401496887,-4.446471214294434,0.2090195268392563,0.45469945669174194,0
0.008412369526922703,0.3246823251247406,0.5742815732955933,0.6826483607292175,0.12705621123313904,0.13163158297538757,0.22068245708942413,0.26640546321868896,-4.643261432647705,0.2089221030473709,0.45387783646583557,0
0.006484607234597206,0.32828769087791443,0.5694599747657776,0.6471664309501648,0.1293393224477768,0.13540393114089966,0.23088762164115906,0.2597055435180664,-4.416818618774414,0.20883861184120178,0.45407649874687195,0
0.00490901805460453,0.3323060870170593,0.5906010270118713,0.6563581228256226,0.1258324235677719,0.13906283676624298,0.21290279924869537,0.26410478353500366,-3.60597825050354,0.20811545848846436,0.4508841335773468,0
0.005835948046296835,0.329043447971344,0.5964462757110596,0.6500898003578186,0.12650375068187714,0.13245396316051483,0.17550943791866302,0.2630724310874939,-2.1866037845611572,0.20981371402740479,0.4559035897254944,0
0.0023802227806299925,0.32878509163856506,0.6285344362258911,0.6437533497810364,0.12895286083221436,0.13254165649414062,0.13569389283657074,0.2618027627468109,1.149487853050232,0.21012088656425476,0.4550240933895111,0
0.006295796949416399,0.3265478312969208,0.6437990665435791,0.6302653551101685,0.1268233060836792,0.13291732966899872,0.12990820407867432,0.26564282178878784,3.594820261001587,0.21312843263149261,0.4546864628791809,0
0.0033884448930621147,0.3287399411201477,0.638782262802124,0.6040269136428833,0.12808433175086975,0.13192646205425262,0.14669591188430786,0.25557759404182434,4.453815460205078,0.21430152654647827,0.4553735554218292,0
0.006091683637350798,0.3310782015323639,0.6126651763916016,0.6085315346717834,0.1259966343641281,0.132344052195549,0.13537614047527313,0.25475430488586426,6.380620956420898,0.21422620117664337,0.45678532123565674,0
0.00295794359408319,0.3349015712738037,0.6050496697425842,0.6241196990013123,0.13061803579330444,0.1322287768125534,0.1398564577102661,0.25928643345832825,5.789154529571533,0.21266262233257294,0.4557095170021057,0
0.004149902146309614,0.33822011947631836,0.6259381175041199,0.5882788896560669,0.13136900961399078,0.12783195078372955,0.12735159695148468,0.2548857629299164,6.1514081954956055,0.2137034833431244,0.45803067088127136,0
0.0023382718209177256,0.3366348147392273,0.5843701958656311,0.6428044438362122,0.12794826924800873,0.1291830688714981,0.10462656617164612,0.25337642431259155,6.94071626663208,0.2169240415096283,0.45702242851257324,0
0.0016149822622537613,0.33812960982322693,0.6302957534790039,0.6016611456871033,0.12942814826965332,0.12875324487686157,0.08034291118383408,0.2565014958381653,5.697895526885986,0.21641400456428528,0.45513424277305603,0
0.001510160742327571,0.3337050974369049,0.605076253414154,0.5889334678649902,0.13030250370502472,0.13060379028320312,0.06082817539572716,0.2569679319858551,6.762071132659912,0.21947669982910156,0.4558107852935791,0
0.0005445817369036376,0.32736292481422424,0.5551698803901672,0.5753103494644165,0.12795206904411316,0.12507016956806183,0.043083108961582184,0.2557706832885742,7.594606876373291,0.2220015972852707,0.45472416281700134,0
0.0008904997375793755,0.33581411838531494,0.6573179960250854,0.4243273138999939,0.10364848375320435,0.11134469509124756,-0.024660132825374603,0.3548184335231781,-3.9440386295318604,0.24094189703464508,0.4878445565700531,1
0.00032866233959794044,0.3314499855041504,0.6521932482719421,0.455267071723938,0.10815531760454178,0.11598368734121323,-0.02697402983903885,0.35792455077171326,-4.560070991516113,0.2426222860813141,0.4891187250614166,1
0.003054498927667737,0.3422085642814636,0.6429674029350281,0.4561598002910614,0.10894059389829636,0.11308026313781738,-0.018405593931674957,0.3572227954864502,-6.028445243835449,0.24006733298301697,0.4883653223514557,1
0.0028371154330670834,0.34470364451408386,0.6558185815811157,0.44863995909690857,0.10011018812656403,0.11571896821260452,-0.021013353019952774,0.3652026951313019,-4.1735005378723145,0.2398938089609146,0.48605647683143616,1
0.0036504464223980904,0.3380488455295563,0.6994702219963074,0.4247229993343353,0.10763230919837952,0.11624949425458908,-0.022191548720002174,0.36343634128570557,-3.6321356296539307,0.23972609639167786,0.4838615953922272,1
0.000373331131413579,0.327801376581192,0.6339235305786133,0.3679090738296509,0.10502699017524719,0.11528885364532471,-0.02355845272541046,0.3604295551776886,-3.474313735961914,0.24192699790000916,0.48411276936531067,1
0.0020553877111524343,0.33319926261901855,0.620354950428009,0.43175405263900757,0.11451534181833267,0.11428525298833847,-0.02431858889758587,0.370708167552948,-4.2964277267456055,0.2411554604768753,0.4832596778869629,1
0.0017982525750994682,0.3424914479255676,0.6002957224845886,0.34254226088523865,0.10644373297691345,0.11601335555315018,-0.02603975124657154,0.369858980178833,-3.1767611503601074,0.23915104568004608,0.4835948944091797,1
0.0018079091096296906,0.34535276889801025,0.6421621441841125,0.46085596084594727,0.10958372056484222,0.11837325245141983,-0.023839399218559265,0.36902305483818054,-5.210014820098877,0.24045105278491974,0.48210811614990234,1
0.00315231760032475,0.33899685740470886,0.6140191555023193,0.350582093000412,0.11270225048065186,0.12096214294433594,-0.026001738384366035,0.38334712386131287,-3.4709725379943848,0.23991328477859497,0.4788817763328552,1
0.003508317982777953,0.3372960388660431,0.6544838547706604,0.49519777297973633,0.11024641245603561,0.11145778745412827,-0.03561925143003464,0.3874015510082245,-7.08652925491333,0.24107925593852997,0.48062506318092346,1
0.0021433366928249598,0.33628255128860474,0.6353965997695923,0.46766531467437744,0.11572624742984772,0.11757779121398926,-0.032967034727334976,0.3829589784145355,-4.395352840423584,0.2391650378704071,0.4803987443447113,1
0.002948903013020754,0.3448459804058075,0.5554921627044678,0.4304669201374054,0.10792466998100281,0.12055134773254395,-0.039461180567741394,0.38427022099494934,-7.347091197967529,0.23871128261089325,0.47811439633369446,1
0.005105722229927778,0.3523228168487549,0.5255829095840454,0.43371498584747314,0.1127532348036766,0.11983120441436768,-0.03757590055465698,0.38524967432022095,-6.652352333068848,0.23825503885746002,0.4757485091686249,1
0.0029735856223851442,0.36016178131103516,0.5379337072372437,0.4012078046798706,0.11469146609306335,0.12150323390960693,-0.03658345714211464,0.38703209161758423,-4.171494483947754,0.23707795143127441,0.47338366508483887,1
0.0026404380332678556,0.337992787361145,0.6246734857559204,0.49448421597480774,0.11138869822025299,0.10988237708806992,-0.04160233587026596,0.4061552584171295,-6.758094787597656,0.24010224640369415,0.4743812382221222,1
0.0019770560320466757,0.33171215653419495,0.597826361656189,0.4286828339099884,0.11537886410951614,0.11666018515825272,-0.054425355046987534,0.3903801739215851,-5.62548303604126,0.23789627850055695,0.4702066481113434,1
0.004816586617380381,0.32785564661026,0.5983795523643494,0.43641963601112366,0.11681439727544785,0.11727070808410645,-0.054425910115242004,0.39439451694488525,-3.809666872024536,0.2356778085231781,0.4698466360569,1
0.002812678925693035,0.3185698091983795,0.5903507471084595,0.4724981188774109,0.10283342003822327,0.11122887581586838,-0.04641850292682648,0.39972984790802,-4.501248836517334,0.23682311177253723,0.4706239700317383,1
0.0038386413361877203,0.3277706205844879,0.5826815962791443,0.4748072326183319,0.11174435168504715,0.11086073517799377,-0.047278665006160736,0.3991207778453827,-4.12758207321167,0.23623357713222504,0.46780088543891907,1
0.003333844942972064,0.3298598825931549,0.5237648487091064,0.42844557762145996,0.10840382426977158,0.11377402395009995,-0.04848014935851097,0.39589840173721313,-3.8448867797851562,0.2335042953491211,0.4641108214855194,1
0.005772392265498638,0.3400265872478485,0.4633297026157379,0.3588985204696655,0.11195825040340424,0.120530866086483,-0.046629536896944046,0.39784345030784607,-3.849215269088745,0.2366652488708496,0.4664013981819153,1
0.004968489520251751,0.3378307521343231,0.5214685797691345,0.3986309766769409,0.1155444085597992,0.11314355581998825,-0.044725097715854645,0.39977967739105225,-1.4012013673782349,0.23598456382751465,0.46492481231689453,1
0.004305788315832615,0.33430561423301697,0.44805818796157837,0.3700987696647644,0.10995066165924072,0.11680593341588974,-0.036261074244976044,0.3940262198448181,-5.312061309814453,0.23745402693748474,0.4680972099304199,1
0.003887414699420333,0.34389933943748474,0.5123651623725891,0.3833434283733368,0.10699158906936646,0.11508417874574661,-0.048955779522657394,0.39558565616607666,-5.103305816650391,0.23611792922019958,0.4676324129104614,1
0.0033269566483795643,0.3410830497741699,0.5270622372627258,0.4038659632205963,0.10924005508422852,0.11334078013896942,-0.03740265220403671,0.39676815271377563,-5.334510326385498,0.23436829447746277,0.465851753950119,1
0.003933572210371494,0.33959606289863586,0.548240065574646,0.3246763050556183,0.11596867442131042,0.10987445712089539,-0.0417567640542984,0.4018162488937378,-6.336546421051025,0.23593692481517792,0.4683404862880707,1
0.0019503298681229353,0.33871108293533325,0.587942898273468,0.46219947934150696,0.1151355728507042,0.11293675750494003,-0.03962177410721779,0.3971119225025177,-3.969456911087036,0.23720067739486694,0.4717262089252472,1
0.0020558175165206194,0.34611785411834717,0.6245591640472412,0.473995178937912,0.11479467898607254,0.11652439832687378,-0.03155378997325897,0.39747071266174316,-3.8645713329315186,0.23738783597946167,0.4794304668903351,1
0.0017659926088526845,0.3359890580177307,0.6516387462615967,0.48501548171043396,0.11300290375947952,0.11460639536380768,-0.02980446256697178,0.3880422115325928,-2.5492236614227295,0.23798590898513794,0.48297351598739624,1
0.003226685570552945,0.33671626448631287,0.6151630878448486,0.3836994767189026,0.11101970076560974,0.11890352517366409,-0.03548412397503853,0.37368130683898926,-3.7184994220733643,0.23990853130817413,0.4849679172039032,1
0.003911811858415604,0.33665016293525696,0.6522941589355469,0.429090678691864,0.11184856295585632,0.11688303202390671,-0.027624007314443588,0.36780062317848206,-3.551262617111206,0.23866233229637146,0.48220935463905334,1
0.0005363177042454481,0.3426644802093506,0.6341860890388489,0.41637882590293884,0.11437743902206421,0.11295582354068756,-0.038961563259363174,0.37673377990722656,-3.4554383754730225,0.2383822351694107,0.4821442663669586,1
0.0018475833348929882,0.34119555354118347,0.5626208186149597,0.4221349060535431,0.11361506581306458,0.1149197593331337,-0.036265820264816284,0.37730735540390015,-3.9357573986053467,0.23880763351917267,0.4802369475364685,1
0.002050902461633086,0.3389982283115387,0.6094207763671875,0.42401012778282166,0.11632871627807617,0.12170860916376114,-0.03105265274643898,0.37695303559303284,-5.244518756866455,0.23607565462589264,0.4779880940914154,1
0.002528546843677759,0.33805814385414124,0.6483505368232727,0.37165728211402893,0.11111713945865631,0.11186842620372772,-0.020713623613119125,0.38453203439712524,-5.260635852813721,0.23840133845806122,0.47808319330215454,1
0.002767785219475627,0.33463823795318604,0.608244001865387,0.4130461513996124,0.11564876139163971,0.11835471540689468,-0.03361811861395836,0.3912241458892822,-5.147586822509766,0.23676797747612,0.4772855043411255,1
0.0038620587438344955,0.3307492733001709,0.5731416940689087,0.4223165512084961,0.10826044529676437,0.12032338976860046,-0.041455622762441635,0.38262778520584106,-5.692533016204834,0.23650920391082764,0.4791271984577179,1
0.0007522702217102051,0.3301215171813965,0.5615782141685486,0.4000677764415741,0.11398942023515701,0.12288607656955719,-0.03643707185983658,0.3897380232810974,-5.034050464630127,0.23801079392433167,0.4763697683811188,1
0.002886497648432851,0.33880457282066345,0.6380026340484619,0.4387574791908264,0.11701950430870056,0.11595384031534195,-0.02543739229440689,0.38583600521087646,-6.454432010650635,0.23729251325130463,0.47891709208488464,1
0.0010791871463879943,0.34067681431770325,0.5971563458442688,0.33182457089424133,0.11853321641683578,0.11468450725078583,-0.026998134329915047,0.3815571367740631,-4.137316703796387,0.23726606369018555,0.47582003474235535,1
0.00202523497864604,0.333711177110672,0.6616308689117432,0.5025598406791687,0.11247279495000839,0.11443623155355453,-0.005512402392923832,0.381043016910553,-7.988712787628174,0.23936891555786133,0.47928160429000854,1
0.0020724094938486814,0.32879212498664856,0.661690354347229,0.45955002307891846,0.11968445032835007,0.10913735628128052,0.02892443910241127,0.37895357608795166,-8.336902618408203,0.23876631259918213,0.476759672164917,1
0.004795686341822147,0.34016552567481995,0.6063951849937439,0.4525231719017029,0.12057603895664215,0.10861552506685257,0.07898900657892227,0.36611127853393555,-8.223716735839844,0.23763678967952728,0.4777512848377228,1
0.00610722741112113,0.33900216221809387,0.5855352878570557,0.45516014099121094,0.119829922914505,0.11076204478740692,0.11192252486944199,0.36887502670288086,-10.935319900512695,0.23534250259399414,0.47845378518104553,1
0.0070388177409768105,0.33509042859077454,0.5624927878379822,0.5614027380943298,0.10628440976142883,0.10857934504747391,0.11548687517642975,0.36260926723480225,-8.139266967773438,0.23322825133800507,0.4785395860671997,1
0.00616204459220171,0.32796424627304077,0.4548223912715912,0.48787960410118103,0.10833917558193207,0.1076585128903389,0.12186392396688461,0.3577174246311188,-10.383711814880371,0.23574869334697723,0.4792174994945526,1
0.009153804741799831,0.341096431016922,0.4956868588924408,0.5045566558837891,0.11056092381477356,0.10648979246616364,0.13537082076072693,0.3608297109603882,-10.077250480651855,0.23210181295871735,0.4766460955142975,1
0.007376289460808039,0.3379649519920349,0.5365729331970215,0.4802487790584564,0.11273550242185593,0.10696389526128769,0.16105984151363373,0.35851413011550903,-11.474695205688477,0.2338661253452301,0.4749129116535187,1
0.008405590429902077,0.3299019932746887,0.4804619550704956,0.5360243916511536,0.1192840039730072,0.109189473092556,0.16690270602703094,0.35847294330596924,-7.943141937255859,0.23290324211120605,0.4703581929206848,1
0.010464515537023544,0.31668365001678467,0.6270516514778137,0.5120431780815125,0.103185273706913,0.11671049147844315,-0.2202359139919281,0.35507479310035706,-1.3661272525787354,0.23051787912845612,0.4920465052127838,1
0.008081282489001751,0.3121410608291626,0.6088505983352661,0.4509000778198242,0.10444563627243042,0.11728864163160324,-0.22019578516483307,0.3554627299308777,-2.295419216156006,0.23246201872825623,0.492265909910202,1
0.004038821905851364,0.31634610891342163,0.6302055716514587,0.4692420959472656,0.1069040447473526,0.11080805957317352,-0.2237253040075302,0.3465043008327484,-2.548222541809082,0.23298516869544983,0.4866671860218048,1
0.006790792103856802,0.3090568780899048,0.6663720607757568,0.47669708728790283,0.10418011993169785,0.12046251446008682,-0.22424566745758057,0.3514713943004608,-1.4827320575714111,0.2312852442264557,0.48920607566833496,1
0.011634419672191143,0.31372585892677307,0.6230775117874146,0.46592095494270325,0.10380956530570984,0.11150709539651871,-0.22987432777881622,0.3508489727973938,-0.8829971551895142,0.23215115070343018,0.4871917963027954,1
0.003530909074470401,0.31276386976242065,0.6196922063827515,0.49567484855651855,0.10787872970104218,0.11963798105716705,-0.2321610450744629,0.352210134267807,-1.299998164176941,0.23214641213417053,0.49120208621025085,1
0.0017054051859304309,0.31624630093574524,0.6126347184181213,0.45497408509254456,0.10477153211832047,0.1132219135761261,-0.210671529173851,0.3510950803756714,-1.597029685974121,0.23170454800128937,0.48973768949508667,1
0.002788747660815716,0.3133544623851776,0.6245555877685547,0.4827292859554291,0.1063852310180664,0.10857600718736649,-0.2108943611383438,0.35323387384414673,-1.4842475652694702,0.23323731124401093,0.49027255177497864,1
0.0077124848030507565,0.3158568739891052,0.6846155524253845,0.4692240059375763,0.11172844469547272,0.11678917706012726,-0.2366858869791031,0.35015174746513367,-2.1805531978607178,0.2355009913444519,0.4946822226047516,1
0.002339618979021907,0.3139606714248657,0.5937341451644897,0.47829025983810425,0.10613201558589935,0.11301922053098679,-0.24413764476776123,0.3537871837615967,0.23192152380943298,0.23355241119861603,0.49124598503112793,1
0.0016729806084185839,0.3180319666862488,0.6118643879890442,0.4130581021308899,0.10556716471910477,0.11913643032312393,-0.2405533343553543,0.3541978895664215,0.2590670585632324,0.2335909754037857,0.48791471123695374,1
0.003876684233546257,0.3260037899017334,0.5809985399246216,0.44299638271331787,0.11196782439947128,0.1124868094921112,-0.22502364218235016,0.35663193464279175,0.6868327260017395,0.2345316857099533,0.48667362332344055,1
0.003926945384591818,0.32288801670074463,0.6192790269851685,0.4492764472961426,0.11085169017314911,0.11833423376083374,-0.2113475501537323,0.36102503538131714,-0.6381528973579407,0.23423022031784058,0.4852343499660492,1
0.004689831752330065,0.3215947151184082,0.6295870542526245,0.4519265592098236,0.11472635716199875,0.12225089967250824,-0.19382837414741516,0.3598053455352783,-1.608099341392517,0.23330157995224,0.4803635776042938,1
0.0015009436756372452,0.3339269459247589,0.6239984035491943,0.42877355217933655,0.10523677617311478,0.11618366837501526,-0.18501774966716766,0.3569803833961487,1.4687414169311523,0.23442207276821136,0.477968692779541,1
0.0011062286794185638,0.3339151442050934,0.5949216485023499,0.4534379839897156,0.10563880205154419,0.11984511464834213,-0.18089385330677032,0.35234731435775757,-2.2321248054504395,0.2337830364704132,0.4744225740432739,1
0.0018126204377040267,0.3300114870071411,0.6580605506896973,0.3699988126754761,0.10536977648735046,0.1103832870721817,-0.1546238660812378,0.35435667634010315,-1.0688114166259766,0.23481819033622742,0.4734056890010834,1
0.0010603272821754217,0.32382631301879883,0.6034442782402039,0.4272220730781555,0.10750437527894974,0.10146289318799973,-0.1433165818452835,0.36499765515327454,-1.8827780485153198,0.2351214438676834,0.46887651085853577,1
0.0013696516398340464,0.3456798493862152,0.6193979382514954,0.4936624765396118,0.10926354676485062,0.1098928302526474,-0.13211071491241455,0.3678812086582184,-2.6649954319000244,0.2323233038187027,0.4686635434627533,1
0.0025504915975034237,0.33691322803497314,0.5902349352836609,0.47837474942207336,0.10936550050973892,0.10783731192350388,-0.11784721910953522,0.3654600977897644,-2.2445859909057617,0.23361323773860931,0.46936842799186707,1
0.003186620306223631,0.34440940618515015,0.6300317645072937,0.4109191298484802,0.10680124163627625,0.11117338389158249,-0.12226038426160812,0.3618428707122803,-2.123173236846924,0.23404817283153534,0.47061896324157715,1
0.002413172507658601,0.3336659073829651,0.6013116240501404,0.3875117301940918,0.11258194595575333,0.11267349869012833,-0.1001785397529602,0.36105313897132874,-2.4564921855926514,0.23407837748527527,0.4736250638961792,1
0.0019043422071263194,0.33225733041763306,0.6279160976409912,0.4110509157180786,0.11312535405158997,0.11496105790138245,-0.10014794766902924,0.37064602971076965,-1.6192620992660522,0.23396627604961395,0.4715251326560974,1
0.0002003276749746874,0.33309730887413025,0.607280969619751,0.4087443947792053,0.12271787971258163,0.11493024230003357,-0.08595427125692368,0.3741002380847931,-1.1302276849746704,0.2343507707118988,0.4700630307197571,1
0.0014737468445673585,0.3348890244960785,0.6580284833908081,0.43490636348724365,0.11129157990217209,0.11322122812271118,-0.0787365585565567,0.3642842471599579,-0.6095073819160461,0.23566097021102905,0.4731874167919159,1
0.0016495294403284788,0.3430708348751068,0.580656886100769,0.4298832416534424,0.11661624908447266,0.10733185708522797,-0.07239840924739838,0.37342509627342224,0.7290684580802917,0.23348574340343475,0.4732731282711029,1
0.001512108719907701,0.3390800654888153,0.6595337986946106,0.4444020092487335,0.11453444510698318,0.11066075414419174,-0.07566287368535995,0.3642883002758026,-1.3230782747268677,0.23726096749305725,0.4724898934364319,1
0.0007526368135586381,0.34474557638168335,0.6067920923233032,0.4030612111091614,0.11360480636358261,0.11319659650325775,-0.07132160663604736,0.3707410991191864,-2.0072340965270996,0.23524081707000732,0.471771776676178,1
0.0005710215773433447,0.33175793290138245,0.6082913279533386,0.3570024371147156,0.11627207696437836,0.11738728731870651,-0.07000017911195755,0.3689781427383423,-0.7015634775161743,0.2348204106092453,0.471615195274353,1
0.001089946716092527,0.33968597650527954,0.6358975172042847,0.354266881942749,0.10597595572471619,0.11353093385696411,-0.051837529987096786,0.36757999658584595,0.21303583681583405,0.23665747046470642,0.47177714109420776,1
0.0014033408369868994,0.3355482220649719,0.6516228914260864,0.43284979462623596,0.10736045241355896,0.11711932718753815,-0.046398792415857315,0.3653625547885895,1.2113165855407715,0.2356082648038864,0.47355735301971436,1
0.0007008020184002817,0.3340647220611572,0.5887654423713684,0.44465503096580505,0.10560081154108047,0.11058423668146133,-0.03019106201827526,0.36439159512519836,-0.5452950596809387,0.23499473929405212,0.4736867845058441,1
0.002636187942698598,0.3265940248966217,0.6656492352485657,0.3830869793891907,0.10588643699884415,0.10415106266736984,-0.009728874079883099,0.3640379011631012,-2.9192028045654297,0.23505204916000366,0.4746387004852295,1
0.003589799627661705,0.3310287892818451,0.6306020021438599,0.5046213269233704,0.11086098104715347,0.11003188788890839,0.007480224594473839,0.36903417110443115,-2.7507264614105225,0.23365435004234314,0.4723970293998718,1
0.0072740004397928715,0.33314937353134155,0.6566125154495239,0.4401235580444336,0.11000292748212814,0.11035090684890747,0.010679063387215137,0.3706069886684418,-3.322848320007324,0.23421433568000793,0.47360482811927795,1
0.004104625899344683,0.3249092996120453,0.6679282188415527,0.48010146617889404,0.10832437127828598,0.11103246361017227,0.018375756219029427,0.37060216069221497,-1.687680959701538,0.2333778440952301,0.4726715683937073,1
0.003923572134226561,0.3303791582584381,0.520490288734436,0.35968995094299316,0.11649078130722046,0.10968861728906631,0.03126741573214531,0.37320637702941895,-3.016749858856201,0.23299774527549744,0.4701838195323944,1
0.0032389042899012566,0.32796138525009155,0.5830268263816833,0.5098094344139099,0.11692047119140625,0.10555462539196014,0.030390042811632156,0.37284255027770996,-4.348664283752441,0.23214593529701233,0.470490425825119,1
0.004027539398521185,0.3399738371372223,0.5784978270530701,0.43283915519714355,0.119050532579422,0.10536964237689972,0.036055177450180054,0.3791949152946472,-5.552632808685303,0.23246771097183228,0.4725147783756256,1
0.004055716097354889,0.34129929542541504,0.6276430487632751,0.5208675265312195,0.12205181270837784,0.10578779131174088,0.05011291429400444,0.38145098090171814,-6.4485907554626465,0.22982671856880188,0.46822768449783325,1
0.00794375129044056,0.3313409984111786,0.5766950249671936,0.4856191575527191,0.12229229509830475,0.10690037161111832,0.06765307486057281,0.3727724552154541,-8.771204948425293,0.23066258430480957,0.4697839021682739,1
0.0051089185290038586,0.3452302813529968,0.5715735554695129,0.4375990033149719,0.1114903911948204,0.11152869462966919,0.06294653564691544,0.3721555471420288,-4.834309101104736,0.23082706332206726,0.469142347574234,1
0.007022340781986713,0.3298290967941284,0.5137410759925842,0.45280972123146057,0.11352904140949249,0.11275462806224823,0.08306488394737244,0.36419206857681274,-4.943467617034912,0.22868798673152924,0.4692704379558563,1
0.006832579150795937,0.32815277576446533,0.455227255821228,0.46301767230033875,0.11623841524124146,0.11012816429138184,0.08976574242115021,0.3718287944793701,-5.996438026428223,0.22834435105323792,0.469267338514328,1
0.009585781022906303,0.3290463387966156,0.5253938436508179,0.5448857545852661,0.1110573336482048,0.11239977926015854,0.08925140649080276,0.3721270263195038,-6.665565490722656,0.22873464226722717,0.4705938994884491,1
0.008432338945567608,0.3233706057071686,0.4936273992061615,0.4639718234539032,0.11769603937864304,0.10447467863559723,0.08646437525749207,0.3684052526950836,-4.364552974700928,0.22894719243049622,0.4706907272338867,1
0.005898399278521538,0.3239874839782715,0.569614589214325,0.5782190561294556,0.1161065623164177,0.10644339770078659,0.10261086374521255,0.3597561717033386,-5.145866394042969,0.22851546108722687,0.4735133945941925,1
0.005782525520771742,0.3248737156391144,0.5970722436904907,0.5616203546524048,0.10772983729839325,0.11189188808202744,0.11101503670215607,0.36118370294570923,-7.514452934265137,0.2322193831205368,0.47877824306488037,1
0.009622912853956223,0.3160680830478668,0.5568569898605347,0.5004631280899048,0.12247445434331894,0.11246988922357559,0.15152306854724884,0.35377001762390137,-6.180735111236572,0.23098613321781158,0.4772064685821533,1
0.00520290294662118,0.3281245827674866,0.5486970543861389,0.40722838044166565,0.12200944125652313,0.10448607802391052,0.1661861389875412,0.34286150336265564,-6.207627296447754,0.2306562215089798,0.48400598764419556,1
0.0033759314101189375,0.32456567883491516,0.583848774433136,0.6071223020553589,0.13100194931030273,0.13866934180259705,-0.02639765851199627,0.2551850378513336,-4.746566295623779,0.24319948256015778,0.5052995085716248,1
0.0033727027475833893,0.32165905833244324,0.5818198919296265,0.5921648144721985,0.13158850371837616,0.13786761462688446,-0.02634904906153679,0.2541358470916748,-4.8608198165893555,0.2437872737646103,0.5049651861190796,1
0.0038133342750370502,0.326080858707428,0.6023178100585938,0.5908090472221375,0.1326882392168045,0.1390235424041748,-0.02932489663362503,0.25260066986083984,-5.018914222717285,0.24312378466129303,0.5046822428703308,1
0.0016473464202135801,0.3264590799808502,0.5911704301834106,0.5809778571128845,0.12952299416065216,0.13657093048095703,-0.0345718078315258,0.26209965348243713,-5.022819995880127,0.24357061088085175,0.504283607006073,1
0.0009845779277384281,0.3249356746673584,0.5809187889099121,0.5608950257301331,0.1287243515253067,0.13975515961647034,-0.03524375706911087,0.26275965571403503,-5.459342002868652,0.240969717502594,0.5074801445007324,1
0.005386176984757185,0.3249310851097107,0.6001816391944885,0.5658847093582153,0.12704813480377197,0.1361779123544693,-0.0350632444024086,0.2688181698322296,-5.4242448806762695,0.23818232119083405,0.5133698582649231,1
0.0017530056647956371,0.3175172805786133,0.5447311997413635,0.6096532940864563,0.11503800004720688,0.12972761690616608,-0.022148452699184418,0.28941744565963745,-4.198813438415527,0.24022889137268066,0.5173425078392029,1
0.005483037326484919,0.318015456199646,0.5817136168479919,0.6209113001823425,0.11780282855033875,0.129012793302536,-0.024397052824497223,0.3001933991909027,-5.764310359954834,0.24153180420398712,0.5177642107009888,1
0.0026356580201536417,0.31966814398765564,0.6041420102119446,0.5935824513435364,0.11076586693525314,0.12460854649543762,-0.021874113008379936,0.30445724725723267,-5.027005195617676,0.24151009321212769,0.5140464305877686,1
0.003444276051595807,0.31937751173973083,0.5841007828712463,0.6262656450271606,0.10930301994085312,0.11905614286661148,-0.046146079897880554,0.31432458758354187,-5.140214443206787,0.24254241585731506,0.5075039863586426,1
0.0027452250942587852,0.31685593724250793,0.5919249057769775,0.615537703037262,0.11033177375793457,0.1198439821600914,-0.035779714584350586,0.31902065873146057,-5.129370212554932,0.24349890649318695,0.5040557980537415,1
0.002537993947044015,0.3187446892261505,0.6039876937866211,0.6347680687904358,0.10609319806098938,0.12151508033275604,-0.019722461700439453,0.3256792724132538,-5.424428462982178,0.23779797554016113,0.5043612122535706,1
0.004273583181202412,0.3158704936504364,0.6140837669372559,0.7003095746040344,0.09821252524852753,0.11619924008846283,-0.017743749544024467,0.3317447304725647,-6.514554500579834,0.23732349276542664,0.5008533596992493,1
0.005182301625609398,0.32497167587280273,0.6513213515281677,0.6431581974029541,0.10244744271039963,0.11177003383636475,-0.03305118530988693,0.34742075204849243,-6.673579692840576,0.2365056425333023,0.4961091876029968,1
0.0014162417501211166,0.32783448696136475,0.6576111912727356,0.5066232085227966,0.10298619419336319,0.11524486541748047,-0.04022703319787979,0.34765228629112244,-4.613587379455566,0.2375345379114151,0.4883831739425659,1
0.0017461596289649606,0.33362603187561035,0.6550719738006592,0.4888860583305359,0.10462722182273865,0.11853834241628647,-0.040602874010801315,0.35082975029945374,-5.038123607635498,0.23799873888492584,0.48778238892555237,1
0.002104180632159114,0.3336201012134552,0.6366057395935059,0.4656622111797333,0.10713767260313034,0.11657492816448212,-0.04165808483958244,0.3591661751270294,-4.561801910400391,0.23776420950889587,0.4846843481063843,1
0.00558171421289444,0.3251118063926697,0.6633561849594116,0.5558339953422546,0.1069708988070488,0.11394059658050537,-0.04174512252211571,0.37506192922592163,-4.796742916107178,0.2396329641342163,0.48632901906967163,1
0.007450933568179607,0.33475595712661743,0.624691367149353,0.5802879929542542,0.11609771847724915,0.1109650582075119,-0.050228673964738846,0.38796302676200867,-4.532154560089111,0.23821957409381866,0.48250624537467957,1
0.0062826890498399734,0.342862069606781,0.6108387112617493,0.46419045329093933,0.11108480393886566,0.12266745418310165,-0.051801856607198715,0.3716563284397125,-5.9230122566223145,0.235727921128273,0.4772323668003082,1
0.0004908887785859406,0.33264490962028503,0.6059260964393616,0.4206625521183014,0.10089441388845444,0.11501184105873108,-0.06154453009366989,0.3703261911869049,-8.14940357208252,0.23773422837257385,0.4812600314617157,1
0.0032525798305869102,0.3445960581302643,0.6203640103340149,0.47409123182296753,0.10112901031970978,0.12063414603471756,-0.061910390853881836,0.36883988976478577,-7.601317882537842,0.2366797775030136,0.4833793640136719,1
0.0035334269050508738,0.329736590385437,0.6477876901626587,0.48504534363746643,0.10787106305360794,0.12107730656862259,-0.07246313989162445,0.3686959147453308,-6.142158508300781,0.23636090755462646,0.4799245595932007,1
0.00223994767293334,0.3331556022167206,0.6705257296562195,0.39738941192626953,0.11506694555282593,0.11940082907676697,-0.06975079327821732,0.37497884035110474,-6.09602689743042,0.236006498336792,0.48026758432388306,1
0.003377686720341444,0.32675105333328247,0.5635083317756653,0.41449370980262756,0.11251979321241379,0.11386457085609436,-0.08849574625492096,0.3719177544116974,-4.831871032714844,0.23739784955978394,0.48165643215179443,1
0.0020168288610875607,0.3168181777000427,0.6183858513832092,0.3851642906665802,0.10120715945959091,0.10378509014844894,-0.12531891465187073,0.35884130001068115,-6.210289478302002,0.23680424690246582,0.480989009141922,1
0.006264386232942343,0.32405418157577515,0.5990951657295227,0.4995329678058624,0.1028200313448906,0.11740271747112274,-0.16893905401229858,0.37655583024024963,-3.9159305095672607,0.23308849334716797,0.47929146885871887,1
0.001760846353136003,0.3331409990787506,0.6819513440132141,0.46804460883140564,0.1124587208032608,0.12032615393400192,-0.20056629180908203,0.37579146027565,1.5692633390426636,0.23184233903884888,0.4763602614402771,1
0.0008129770285449922,0.32750406861305237,0.590408444404602,0.4214034974575043,0.10924714058637619,0.13120116293430328,-0.2308749407529831,0.37540486454963684,-0.940870463848114,0.2303794026374817,0.480927973985672,1
0.003954934421926737,0.31835323572158813,0.5883920788764954,0.40460315346717834,0.11850131303071976,0.12029515206813812,-0.280599445104599,0.3664131164550781,2.7942774295806885,0.23212803900241852,0.48249551653862,1
0.0016962066292762756,0.3288094103336334,0.6186386346817017,0.35548150539398193,0.11130336672067642,0.11848083883523941,-0.29265379905700684,0.36533480882644653,7.620235919952393,0.23326508700847626,0.48020613193511963,1
0.0020665305200964212,0.32899078726768494,0.6704971790313721,0.36453956365585327,0.11904016882181168,0.11762220412492752,-0.34385180473327637,0.36750856041908264,8.532529830932617,0.22579199075698853,0.48052695393562317,1
0.0010280446149408817,0.32337725162506104,0.6036927700042725,0.3371892273426056,0.11701316386461258,0.11574774980545044,-0.35282373428344727,0.36641815304756165,9.831729888916016,0.2243453711271286,0.48009732365608215,1
0.003953712061047554,0.32755014300346375,0.6240790486335754,0.2999895215034485,0.12770222127437592,0.1209917888045311,-0.41298067569732666,0.3717713952064514,9.246397018432617,0.21812640130519867,0.47724097967147827,1
0.00849391520023346,0.32478442788124084,0.5967864394187927,0.3469609320163727,0.11509287357330322,0.12404033541679382,-0.42345523834228516,0.3622641861438751,6.737967491149902,0.21972981095314026,0.48376360535621643,1
0.0014363772934302688,0.3320813477039337,0.6569551825523376,0.4927598237991333,0.13723066449165344,0.13148924708366394,-0.44481784105300903,0.34764519333839417,11.797449111938477,0.21887508034706116,0.4795907437801361,1
0.004071167204529047,0.31536543369293213,0.6738563776016235,0.42686229944229126,0.13322122395038605,0.12959739565849304,-0.44021856784820557,0.3478824496269226,9.528932571411133,0.21607932448387146,0.48261621594429016,1
0.005358388181775808,0.31180140376091003,0.5955551266670227,0.44059544801712036,0.13202710449695587,0.1402301788330078,-0.45155563950538635,0.32870355248451233,9.348482131958008,0.2183161973953247,0.48871326446533203,1
0.003217199817299843,0.3169417977333069,0.5890635848045349,0.4016154408454895,0.13235853612422943,0.13650624454021454,-0.4665009677410126,0.3334214389324188,11.615501403808594,0.21860651671886444,0.4838184416294098,1
0.004565023817121983,0.32242289185523987,0.6399355530738831,0.411818265914917,0.14525897800922394,0.1298666149377823,-0.4881899058818817,0.3341449201107025,5.162045001983643,0.21344129741191864,0.48323431611061096,1
0.006315702106803656,0.3175814151763916,0.5898487567901611,0.4507569670677185,0.12859296798706055,0.1450738161802292,-0.4908498525619507,0.331843763589859,7.550948619842529,0.2072918713092804,0.4803805947303772,1
0.004110448993742466,0.3177073895931244,0.5304222702980042,0.44207361340522766,0.13289569318294525,0.13508665561676025,-0.47553780674934387,0.33145254850387573,7.267322540283203,0.21169285476207733,0.48444652557373047,1
0.0019104647217318416,0.3135879337787628,0.6148784160614014,0.4173973500728607,0.13045372068881989,0.13813674449920654,-0.4593755900859833,0.3329818546772003,12.96784782409668,0.21490329504013062,0.47972556948661804,1
0.0031623307149857283,0.31995296478271484,0.6028709411621094,0.43711337447166443,0.12621204555034637,0.13797128200531006,-0.48074331879615784,0.3466323912143707,12.131518363952637,0.21130719780921936,0.4809151887893677,1
0.0064757224172353745,0.32443633675575256,0.5799860954284668,0.40749967098236084,0.12887458503246307,0.13075700402259827,-0.488418310880661,0.34741660952568054,4.0256028175354,0.21450625360012054,0.48208022117614746,1
0.004379464779049158,0.324528306722641,0.599227249622345,0.3432168960571289,0.11450226604938507,0.12179489433765411,-0.4349411129951477,0.34245824813842773,9.301350593566895,0.22454239428043365,0.48204731941223145,1
0.0004314391117077321,0.3215506374835968,0.6303848028182983,0.3228694796562195,0.12122246623039246,0.11600352078676224,-0.40910211205482483,0.3583996295928955,11.690471649169922,0.225043386220932,0.48212990164756775,1
0.0012060063891112804,0.3187204599380493,0.6034220457077026,0.2947329580783844,0.11721136420965195,0.11706811189651489,-0.3469463884830475,0.3516401946544647,12.002180099487305,0.22876670956611633,0.48244646191596985,1
0.0025650523602962494,0.31823965907096863,0.5821695327758789,0.3068091869354248,0.11966992914676666,0.11823805421590805,-0.3156796991825104,0.3566834032535553,9.177556037902832,0.2285497933626175,0.48050129413604736,1
0.0040121800266206264,0.3150580823421478,0.6419533491134644,0.4049159288406372,0.12108281999826431,0.1135471761226654,-0.2943400740623474,0.3671573996543884,6.124898433685303,0.23522931337356567,0.48376500606536865,1
